case_id,target_file,case_name,action_count,ble_count,cloud_count,local_count,ha_count,native_latency_s,naive_topo_latency_s,latency_gain_s,latency_gain_pct,validation_pass,validation_failure_type,batch_count,max_batch_width,runtime_s,micro_not_applicable,validation_dir
vdev_air_quality_recovery_routine_01,data/targets/vdev_benchmarks/vdev_air_quality_recovery_routine_01.json,Air Quality Recovery Routine,13,2,3,4,4,6.98,3.82,3.16,45.27,1,,5,4,0.0355,True,data/baselines/naive_topo_parallel/latest/validation/vdev_air_quality_recovery_routine_01
vdev_arrival_comfort_preparation_01,data/targets/vdev_benchmarks/vdev_arrival_comfort_preparation_01.json,Coming Home Comfort Preparation Routine,16,6,4,2,4,14.84,10.9,3.94,26.55,0,order_violation,8,4,0.0431,True,data/baselines/naive_topo_parallel/latest/validation/vdev_arrival_comfort_preparation_01
vdev_arrival_home_preparation_profile_01,data/targets/vdev_benchmarks/vdev_arrival_home_preparation_profile_01.json,Arrival Home Preparation Profile Coverage,15,5,4,2,4,13.04,9.1,3.94,30.21,0,order_violation,7,4,0.0399,True,data/baselines/naive_topo_parallel/latest/validation/vdev_arrival_home_preparation_profile_01
vdev_arrive_home_lighting_climate_prep_01,data/targets/vdev_benchmarks/vdev_arrive_home_lighting_climate_prep_01.json,Arrive-Home Lighting and Climate Prep,18,6,4,4,4,15.08,11.02,4.06,26.92,0,order_violation,9,4,0.0302,True,data/baselines/naive_topo_parallel/latest/validation/vdev_arrive_home_lighting_climate_prep_01
vdev_bad_air_morning_recovery_01,data/targets/vdev_benchmarks/vdev_bad_air_morning_recovery_01.json,Bad-Air Morning Recovery,13,4,3,2,4,10.34,7.42,2.92,28.24,1,,7,4,0.0184,True,data/baselines/naive_topo_parallel/latest/validation/vdev_bad_air_morning_recovery_01
vdev_bedtime_lockdown_profile_01,data/targets/vdev_benchmarks/vdev_bedtime_lockdown_profile_01.json,Bedtime Lockdown Profile Coverage,19,7,5,3,4,17.66,13.72,3.94,22.31,1,,11,4,0.0249,True,data/baselines/naive_topo_parallel/latest/validation/vdev_bedtime_lockdown_profile_01
vdev_bedtime_lockdown_routine_01,data/targets/vdev_benchmarks/vdev_bedtime_lockdown_routine_01.json,Bedtime Lockdown Routine,19,6,6,3,4,16.76,11.92,4.84,28.88,1,,10,4,0.0235,True,data/baselines/naive_topo_parallel/latest/validation/vdev_bedtime_lockdown_routine_01
vdev_ble_safety_sweep_routine_01,data/targets/vdev_benchmarks/vdev_ble_safety_sweep_routine_01.json,BLE Safety Sweep Routine,17,15,0,0,2,27.1,27.1,0.0,0.0,1,,17,1,0.0195,True,data/baselines/naive_topo_parallel/latest/validation/vdev_ble_safety_sweep_routine_01
vdev_ble_safety_sweep_stress_01,data/targets/vdev_benchmarks/vdev_ble_safety_sweep_stress_01.json,BLE Congestion Routine Stress,11,9,0,0,2,16.3,16.3,0.0,0.0,1,,11,1,0.0119,True,data/baselines/naive_topo_parallel/latest/validation/vdev_ble_safety_sweep_stress_01
vdev_cloud_burst_living_conditions_snapshot_01,data/targets/vdev_benchmarks/vdev_cloud_burst_living_conditions_snapshot_01.json,Cloud Burst Living-Conditions Snapshot,14,0,12,0,2,10.9,2.8,8.1,74.31,1,,5,4,0.0135,True,data/baselines/naive_topo_parallel/latest/validation/vdev_cloud_burst_living_conditions_snapshot_01
vdev_cloud_burst_living_conditions_snapshot_profile_01,data/targets/vdev_benchmarks/vdev_cloud_burst_living_conditions_snapshot_profile_01.json,Cloud Burst Living Conditions Snapshot Profile Coverage,22,0,17,2,3,15.69,4.6,11.09,70.68,1,,7,4,0.0215,True,data/baselines/naive_topo_parallel/latest/validation/vdev_cloud_burst_living_conditions_snapshot_profile_01
vdev_come_home_security_comfort_merge_01,data/targets/vdev_benchmarks/vdev_come_home_security_comfort_merge_01.json,Come-Home Security and Comfort Merge,14,2,4,4,4,7.88,4.72,3.16,40.1,1,,6,4,0.0135,True,data/baselines/naive_topo_parallel/latest/validation/vdev_come_home_security_comfort_merge_01
vdev_dinner_home_mode_01,data/targets/vdev_benchmarks/vdev_dinner_home_mode_01.json,Dinner Time Home Mode Routine,16,4,5,3,4,12.26,8.32,3.94,32.14,1,,8,4,0.0161,True,data/baselines/naive_topo_parallel/latest/validation/vdev_dinner_home_mode_01
vdev_dinner_preparation_readiness_01,data/targets/vdev_benchmarks/vdev_dinner_preparation_readiness_01.json,Dinner Preparation Readiness,15,3,5,3,4,10.46,6.52,3.94,37.67,1,,7,4,0.0149,True,data/baselines/naive_topo_parallel/latest/validation/vdev_dinner_preparation_readiness_01
vdev_elderly_care_daily_check_01,data/targets/vdev_benchmarks/vdev_elderly_care_daily_check_01.json,Elderly Care Daily Check,13,3,3,3,4,8.66,5.62,3.04,35.1,1,,6,4,0.0135,True,data/baselines/naive_topo_parallel/latest/validation/vdev_elderly_care_daily_check_01
vdev_energy_hvac_audit_01,data/targets/vdev_benchmarks/vdev_energy_hvac_audit_01.json,Cloud Burst Energy & HVAC Audit Routine,12,0,10,0,2,9.1,2.8,6.3,69.23,1,,5,4,0.012,True,data/baselines/naive_topo_parallel/latest/validation/vdev_energy_hvac_audit_01
vdev_energy_hvac_audit_expanded_01,data/targets/vdev_benchmarks/vdev_energy_hvac_audit_expanded_01.json,Energy and HVAC Audit Expanded,15,0,10,2,3,9.39,2.8,6.59,70.18,1,,5,4,0.0162,True,data/baselines/naive_topo_parallel/latest/validation/vdev_energy_hvac_audit_expanded_01
vdev_good_morning_whole_floor_readiness_01,data/targets/vdev_benchmarks/vdev_good_morning_whole_floor_readiness_01.json,Good-Morning Whole-Floor Readiness,17,6,5,2,4,15.74,11.8,3.94,25.03,1,,9,4,0.0324,True,data/baselines/naive_topo_parallel/latest/validation/vdev_good_morning_whole_floor_readiness_01
vdev_guest_suite_welcome_01,data/targets/vdev_benchmarks/vdev_guest_suite_welcome_01.json,Guest Suite Welcome Routine,26,7,12,3,4,23.96,15.4,8.56,35.73,1,,12,4,0.0679,True,data/baselines/naive_topo_parallel/latest/validation/vdev_guest_suite_welcome_01
vdev_holiday_vacation_mode_full_audit_01,data/targets/vdev_benchmarks/vdev_holiday_vacation_mode_full_audit_01.json,Holiday Vacation Mode Full Audit,38,14,12,8,4,37.16,27.34,9.82,26.43,0,order_violation,20,4,0.1846,True,data/baselines/naive_topo_parallel/latest/validation/vdev_holiday_vacation_mode_full_audit_01
vdev_homecoming_security_ambience_merge_01,data/targets/vdev_benchmarks/vdev_homecoming_security_ambience_merge_01.json,Homecoming Security and Ambience Merge,13,2,4,3,4,7.76,4.6,3.16,40.72,1,,5,4,0.0224,True,data/baselines/naive_topo_parallel/latest/validation/vdev_homecoming_security_ambience_merge_01
vdev_indoor_air_climate_audit_01,data/targets/vdev_benchmarks/vdev_indoor_air_climate_audit_01.json,Indoor Air and Climate Audit,16,5,6,1,4,14.72,10.0,4.72,32.07,1,,8,4,0.0258,True,data/baselines/naive_topo_parallel/latest/validation/vdev_indoor_air_climate_audit_01
vdev_kids_room_comfort_safety_snapshot_01,data/targets/vdev_benchmarks/vdev_kids_room_comfort_safety_snapshot_01.json,Kids' Room Comfort and Safety Snapshot,14,5,2,3,4,11.36,9.22,2.14,18.84,1,,8,4,0.0219,True,data/baselines/naive_topo_parallel/latest/validation/vdev_kids_room_comfort_safety_snapshot_01
vdev_kids_room_night_safety_check_01,data/targets/vdev_benchmarks/vdev_kids_room_night_safety_check_01.json,Kids' Room Night Safety Check,12,4,3,1,4,10.22,7.42,2.8,27.4,1,,7,4,0.0173,True,data/baselines/naive_topo_parallel/latest/validation/vdev_kids_room_night_safety_check_01
vdev_late_night_entertainment_shutdown_01,data/targets/vdev_benchmarks/vdev_late_night_entertainment_shutdown_01.json,Late-Night Entertainment Shutdown,16,2,3,7,4,7.34,3.94,3.4,46.32,1,,6,4,0.0266,True,data/baselines/naive_topo_parallel/latest/validation/vdev_late_night_entertainment_shutdown_01
vdev_laundry_utility_room_sweep_01,data/targets/vdev_benchmarks/vdev_laundry_utility_room_sweep_01.json,Laundry and Utility Room Sweep,11,2,2,3,4,5.96,3.82,2.14,35.91,1,,5,4,0.0206,True,data/baselines/naive_topo_parallel/latest/validation/vdev_laundry_utility_room_sweep_01
vdev_leave_home_safety_energy_sweep_01,data/targets/vdev_benchmarks/vdev_leave_home_safety_energy_sweep_01.json,Leave-Home Safety and Energy Sweep,20,6,6,4,4,16.88,11.92,4.96,29.38,1,,10,4,0.0284,True,data/baselines/naive_topo_parallel/latest/validation/vdev_leave_home_safety_energy_sweep_01
vdev_leave_home_safety_sweep_profile_01,data/targets/vdev_benchmarks/vdev_leave_home_safety_sweep_profile_01.json,Leave-Home Safety Sweep Profile Coverage,24,7,7,6,4,19.82,13.84,5.98,30.17,1,,12,4,0.0344,True,data/baselines/naive_topo_parallel/latest/validation/vdev_leave_home_safety_sweep_profile_01
vdev_leaving_home_safety_check_01,data/targets/vdev_benchmarks/vdev_leaving_home_safety_check_01.json,Leaving Home Safety Check Routine,16,5,5,2,4,13.94,10.0,3.94,28.26,1,,8,4,0.0345,True,data/baselines/naive_topo_parallel/latest/validation/vdev_leaving_home_safety_check_01
vdev_morning_wakeup_ramp_01,data/targets/vdev_benchmarks/vdev_morning_wakeup_ramp_01.json,Morning Wake-Up Ramp Routine,26,6,13,3,4,23.06,13.72,9.34,40.5,1,,12,4,0.055,True,data/baselines/naive_topo_parallel/latest/validation/vdev_morning_wakeup_ramp_01
vdev_morning_wakeup_readiness_01,data/targets/vdev_benchmarks/vdev_morning_wakeup_readiness_01.json,Morning Wake-Up Readiness Routine,16,7,3,2,4,15.74,12.7,3.04,19.31,0,order_violation,9,4,0.032,True,data/baselines/naive_topo_parallel/latest/validation/vdev_morning_wakeup_readiness_01
vdev_morning_wakeup_readiness_profile_01,data/targets/vdev_benchmarks/vdev_morning_wakeup_readiness_profile_01.json,Morning Wake-Up Readiness Profile Coverage,16,8,2,2,4,16.64,14.5,2.14,12.86,0,order_violation,10,4,0.0334,True,data/baselines/naive_topo_parallel/latest/validation/vdev_morning_wakeup_readiness_profile_01
vdev_movie_night_blackout_01,data/targets/vdev_benchmarks/vdev_movie_night_blackout_01.json,Movie Night Blackout Routine,26,6,13,3,4,23.06,13.72,9.34,40.5,1,,12,4,0.0486,True,data/baselines/naive_topo_parallel/latest/validation/vdev_movie_night_blackout_01
vdev_night_shutdown_01,data/targets/vdev_benchmarks/vdev_night_shutdown_01.json,Night Shutdown Routine,17,6,5,2,4,15.74,11.8,3.94,25.03,1,,9,4,0.0253,True,data/baselines/naive_topo_parallel/latest/validation/vdev_night_shutdown_01
vdev_overnight_health_safety_monitoring_01,data/targets/vdev_benchmarks/vdev_overnight_health_safety_monitoring_01.json,Overnight Health & Safety Monitoring Routine,16,4,6,2,4,13.04,8.32,4.72,36.2,1,,8,4,0.0227,True,data/baselines/naive_topo_parallel/latest/validation/vdev_overnight_health_safety_monitoring_01
vdev_overnight_quiet_hours_snapshot_01,data/targets/vdev_benchmarks/vdev_overnight_quiet_hours_snapshot_01.json,Overnight Quiet-Hours Snapshot,16,5,5,2,4,13.94,10.0,3.94,28.26,1,,8,4,0.028,True,data/baselines/naive_topo_parallel/latest/validation/vdev_overnight_quiet_hours_snapshot_01
vdev_party_preparation_01,data/targets/vdev_benchmarks/vdev_party_preparation_01.json,Party Preparation Routine,17,4,6,3,4,13.16,8.32,4.84,36.78,1,,8,4,0.0211,True,data/baselines/naive_topo_parallel/latest/validation/vdev_party_preparation_01
vdev_party_preparation_ambience_check_01,data/targets/vdev_benchmarks/vdev_party_preparation_ambience_check_01.json,Party Preparation and Ambience Check,18,4,6,4,4,13.28,8.32,4.96,37.35,1,,8,4,0.0245,True,data/baselines/naive_topo_parallel/latest/validation/vdev_party_preparation_ambience_check_01
vdev_party_preparation_full_sweep_01,data/targets/vdev_benchmarks/vdev_party_preparation_full_sweep_01.json,Party Preparation Full Sweep,22,4,6,8,4,13.76,8.44,5.32,38.66,1,,9,4,0.0287,True,data/baselines/naive_topo_parallel/latest/validation/vdev_party_preparation_full_sweep_01
vdev_party_scene_activation_01,data/targets/vdev_benchmarks/vdev_party_scene_activation_01.json,Party Scene Activation Routine,26,6,13,3,4,23.06,13.72,9.34,40.5,1,,12,4,0.0343,True,data/baselines/naive_topo_parallel/latest/validation/vdev_party_scene_activation_01
vdev_rain_coming_indoor_adjustment_01,data/targets/vdev_benchmarks/vdev_rain_coming_indoor_adjustment_01.json,Rain-Coming Indoor Adjustment,14,3,4,3,4,9.56,6.4,3.16,33.05,1,,6,4,0.0172,True,data/baselines/naive_topo_parallel/latest/validation/vdev_rain_coming_indoor_adjustment_01
vdev_rainy_commute_preparation_01,data/targets/vdev_benchmarks/vdev_rainy_commute_preparation_01.json,Rainy Commute Preparation,10,2,2,2,4,5.84,3.82,2.02,34.59,1,,5,4,0.013,True,data/baselines/naive_topo_parallel/latest/validation/vdev_rainy_commute_preparation_01
vdev_school_day_quiet_start_check_01,data/targets/vdev_benchmarks/vdev_school_day_quiet_start_check_01.json,School-Day Quiet Start Check,13,3,3,3,4,8.66,5.62,3.04,35.1,1,,6,4,0.0169,True,data/baselines/naive_topo_parallel/latest/validation/vdev_school_day_quiet_start_check_01
vdev_school_night_quiet_hours_01,data/targets/vdev_benchmarks/vdev_school_night_quiet_hours_01.json,School-Night Quiet Hours Routine,15,5,3,3,4,12.26,9.22,3.04,24.8,1,,8,4,0.0186,True,data/baselines/naive_topo_parallel/latest/validation/vdev_school_night_quiet_hours_01
vdev_security_presence_fabric_snapshot_01,data/targets/vdev_benchmarks/vdev_security_presence_fabric_snapshot_01.json,Security and Presence Fabric Snapshot,17,8,4,1,4,18.32,15.4,2.92,15.94,1,,11,4,0.0231,True,data/baselines/naive_topo_parallel/latest/validation/vdev_security_presence_fabric_snapshot_01
vdev_storm_lockdown_safety_01,data/targets/vdev_benchmarks/vdev_storm_lockdown_safety_01.json,Storm Lockdown Safety Routine,26,6,13,3,4,23.06,13.72,9.34,40.5,1,,12,4,0.0346,True,data/baselines/naive_topo_parallel/latest/validation/vdev_storm_lockdown_safety_01
vdev_vacation_departure_final_audit_01,data/targets/vdev_benchmarks/vdev_vacation_departure_final_audit_01.json,Vacation Departure Final Audit,33,10,10,9,4,28.28,20.14,8.14,28.78,1,,16,4,0.052,True,data/baselines/naive_topo_parallel/latest/validation/vdev_vacation_departure_final_audit_01
vdev_vacation_mode_house_sweep_01,data/targets/vdev_benchmarks/vdev_vacation_mode_house_sweep_01.json,Vacation-Mode House Sweep,25,8,9,4,4,23.18,16.42,6.76,29.16,1,,13,4,0.039,True,data/baselines/naive_topo_parallel/latest/validation/vdev_vacation_mode_house_sweep_01
vdev_weekend_whole_home_snapshot_01,data/targets/vdev_benchmarks/vdev_weekend_whole_home_snapshot_01.json,Weekend Whole-Home Snapshot Routine,23,8,7,4,4,21.38,15.52,5.86,27.41,0,order_violation,12,4,0.0558,True,data/baselines/naive_topo_parallel/latest/validation/vdev_weekend_whole_home_snapshot_01
vdev_weekend_whole_home_snapshot_extended_01,data/targets/vdev_benchmarks/vdev_weekend_whole_home_snapshot_extended_01.json,Weekend Whole-Home Snapshot Extended,24,8,7,5,4,21.5,15.52,5.98,27.81,0,order_violation,12,4,0.0594,True,data/baselines/naive_topo_parallel/latest/validation/vdev_weekend_whole_home_snapshot_extended_01
vdev_weekend_whole_home_snapshot_profile_01,data/targets/vdev_benchmarks/vdev_weekend_whole_home_snapshot_profile_01.json,Weekend Whole-Home Snapshot Profile Coverage,28,8,9,7,4,23.54,15.64,7.9,33.56,0,order_violation,13,4,0.0486,True,data/baselines/naive_topo_parallel/latest/validation/vdev_weekend_whole_home_snapshot_profile_01
vdev_whole_family_morning_comfort_snapshot_01,data/targets/vdev_benchmarks/vdev_whole_family_morning_comfort_snapshot_01.json,Whole-Family Morning Comfort Snapshot,17,6,4,3,4,14.96,11.8,3.16,21.12,1,,9,4,0.0241,True,data/baselines/naive_topo_parallel/latest/validation/vdev_whole_family_morning_comfort_snapshot_01
vdev_whole_home_ble_safety_sweep_01,data/targets/vdev_benchmarks/vdev_whole_home_ble_safety_sweep_01.json,Whole-Home BLE Safety Sweep,15,13,0,0,2,23.5,23.5,0.0,0.0,1,,15,1,0.0211,True,data/baselines/naive_topo_parallel/latest/validation/vdev_whole_home_ble_safety_sweep_01
vdev_whole_home_energy_hvac_audit_profile_01,data/targets/vdev_benchmarks/vdev_whole_home_energy_hvac_audit_profile_01.json,Whole-Home Energy and HVAC Audit Profile Coverage,21,0,13,5,3,12.45,3.82,8.63,69.32,1,,7,4,0.0252,True,data/baselines/naive_topo_parallel/latest/validation/vdev_whole_home_energy_hvac_audit_profile_01
vdev_workday_departure_office_zone_shutdown_01,data/targets/vdev_benchmarks/vdev_workday_departure_office_zone_shutdown_01.json,Workday Departure Office-Zone Shutdown,12,2,2,4,4,6.08,3.82,2.26,37.17,1,,5,4,0.0128,True,data/baselines/naive_topo_parallel/latest/validation/vdev_workday_departure_office_zone_shutdown_01
vdev_workday_focus_mode_01,data/targets/vdev_benchmarks/vdev_workday_focus_mode_01.json,Workday Focus Mode Routine,26,7,12,3,4,23.96,15.4,8.56,35.73,1,,12,4,0.0288,True,data/baselines/naive_topo_parallel/latest/validation/vdev_workday_focus_mode_01
